{"count":1,"self":58.6503744,"total":59.0153483,"children":{"InitializeActuators":{"count":63,"self":0.0029920999999999997,"total":0.0029920999999999997,"children":null},"InitializeSensors":{"count":63,"self":0.0040187999999999995,"total":0.0040187999999999995,"children":null},"AgentSendState":{"count":2842,"self":0.0247484,"total":0.0311638,"children":{"CollectObservations":{"count":1495,"self":0.0034243999999999998,"total":0.0034243999999999998,"children":null},"WriteActionMask":{"count":1495,"self":0,"total":0,"children":null},"RequestDecision":{"count":1495,"self":0.0029909999999999997,"total":0.0029909999999999997,"children":null}}},"DecideAction":{"count":2842,"self":0.2949244,"total":0.2949244,"children":null},"AgentAct":{"count":2842,"self":0.025893199999999998,"total":0.025893199999999998,"children":null}},"gauges":{},"metadata":{"timer_format_version":"0.1.0","start_time_seconds":"1718181394","unity_version":"2022.3.15f1","command_line_arguments":"E:\\bitirme oyun\\ML Game\\mldeneme3.exe","communication_protocol_version":"1.5.0","com.unity.ml-agents_version":"2.0.1","scene_name":"Main Menu","end_time_seconds":"1718181452"}}